filename,average_curvature_deg
QSY-A-1098,7.99807062186714
QSY-A-1246,8.090353571493361
QSY-A-1777,7.9792261789233425
QSY-A-1941,9.901890100943545
QSY-A-2048,8.13284707536145
QSY-A-2213,8.873088442054293
QSY-A-2600,7.144768363721168
QSY-A-2717,8.953852605888777
QSY-A-2723,8.274572895500178
QSY-A-2797,7.453086978092042
QSY-B-003,6.7501430855978946
QSY-B-072,8.008125228904955
QSY-B-189,7.625767222688022
